Keyword,Intent,Volume,Keyword Difficulty,CPC (USD),SERP Features
o que faz um agente de apoio escolar,Informational,170,18,0.00,"Featured snippet, People also ask, Related searches"
quem pode ser profissional de apoio escolar,Informational,140,31,0.00,"Featured snippet, People also ask, Related searches"
o que é agente de apoio escolar,Informational,90,17,0.00,"Featured snippet, Reviews, People also ask, Related searches"
o que faz um profissional de apoio escolar,,70,,0.00,
o que é profissional de apoio escolar,,50,,0.00,
o que faz agente de apoio escolar,,40,,0.00,
o que faz um auxiliar de desenvolvimento e apoio escolar,,40,,0.00,
quanto ganha um profissional de apoio escolar,,40,,0.00,
o que faz o agente de apoio escolar,,30,,0.00,
o que um agente de apoio escolar faz,,30,,0.00,
o que vocês fariam para apoiar a melhoria da escola,,30,,0.00,
o que é apoio escolar,,30,,0.00,
o que é um agente de apoio escolar,,30,,0.00,
o que é um profissional de apoio escolar,,30,,0.00,
o'que faz um agente de apoio escolar,,30,,0.00,
como as escolas podem requisitar recursos e apoio especializado,,20,,0.00,
o papel do professor de apoio na inclusão escolar,,20,,0.00,
o papel do profissional de apoio escolar,,20,,0.00,
o que e agente de apoio escolar,,20,,0.00,
o que faz auxiliar de desenvolvimento e apoio escolar,,20,,0.00,
o que faz o apoio pedagógico na escola,,20,,0.00,
o que faz o profissional de apoio escolar,,20,,0.00,
o que faz profissional de apoio escolar,,20,,0.00,
o que faz um apoio escolar,,20,,0.00,
o que faz um auxiliar de apoio escolar,,20,,0.00,
o que faz um monitor de apoio escolar,,20,,0.00,
o que um profissional de apoio escolar faz,,20,,0.00,
o que é auxiliar de apoio escolar,,20,,0.00,
o'que é agente de apoio escolar,,20,,0.00,
qual a função do apoio pedagógico na escola,,20,,0.00,
qual a função do profissional de apoio escolar,,20,,0.00,
quem paga o professor de apoio na escola particular,,20,,0.00,
a escola como lugar de apoio para denuncias de gênero,,10,,0.00,
o que agente de apoio escolar faz,,10,,0.00,
o que estudar para agente de apoio escolar,,10,,0.00,
o que faz um agente de apoio a inclusão escolar,,10,,0.00,
o que você faria para apoiar a melhoria da escola,,10,,0.00,
o que é agente de apoio escola,,10,,0.00,
qual a função do apoio escolar,,10,,0.00,
qual apoio a instituição escolar deve prestar ao educador,,10,,0.00,
qual o papel do professor de apoio escolar,,10,,0.00,
qual o salário de um profissional de apoio escolar,,10,,0.00,
quanto ganha um agente de apoio escolar,,10,,0.00,
quanto ganha um apoio escolar,,10,,0.00,
quanto ganha um profissional de apoio escolar em pernambuco,,10,,0.00,
quem faz parte do quadro de apoio escolar,,10,,0.00,
a ausencia do apoio dos pais gera um fracasso escolar,,0,,0.00,
a auto escola estar com total apoio ao maio amarelo,,0,,0.00,
a biblioteca escolar cmo apoio a formação do leitor pdf,,0,,0.00,
a biblioteca escolasr como apoio escolar na bncc,,0,,0.00,
a constituição de 1967 específica apoio às escolas privadas,,0,,0.00,
a constituição de 1967 específica determinado apoio às escolas privadas,,0,,0.00,
a criança tem apoio na escola,,0,,0.00,
a e sala de estudo e apoio escolar,,0,,0.00,
a e sala de estudo e apoio escolar cnpj,,0,,0.00,
a educacao escolar é sistemática apoiar a transmissao,,0,,0.00,
a educação escolar é sistemática apoiar a transmissão,,0,,0.00,
a equipe de apoio da escolar,,0,,0.00,
a equoterapia como apoio a inclusão escolar,,0,,0.00,
a escola agradecendo a comunidade pelo apoio,,0,,0.00,
a escola busca apoio da psicopedagogia,,0,,0.00,
a escola de baihaus tinha forte apoio estatal,,0,,0.00,
a escola de bauhaus tinha apoio estatal,,0,,0.00,
a escola de bauhaus tinja apoio estatal,,0,,0.00,
a escola deve apoiar o aluno com deficiencia patto,,0,,0.00,
a escola esta cobrando taxa de apoio,,0,,0.00,
a escola estadual pode pedir apoio financeiro a empresas,,0,,0.00,
a escola norte-americana apoiou-se em um solido embasamento qual foi,,0,,0.00,
a escola regular somente programa apoio pedagogico sl.e,,0,,0.00,
a escola é construida com o apoio dos pais,,0,,0.00,
a escola é um ambiente de apoio,,0,,0.00,
a escola é um ambiente de apoio interacao,,0,,0.00,
a familia como apoio na escola com crianças especiais,,0,,0.00,
a formação escolar da criança depende do apoio dos pais,,0,,0.00,
a gente encobtra material de escola no apoio mineiro,,0,,0.00,
a gente encontra material de escola no apoio mineiro,,0,,0.00,
a gestão escolar apoiada em tecnologia,,0,,0.00,
a gestão escolar em apoio a educação física,,0,,0.00,
a importancia da criana em escola de apoio especializado,,0,,0.00,
a importancia da escola em fornecer recursos apoio ao professor,,0,,0.00,
a importancia do apoio aos aluno na escola,,0,,0.00,
a importancia do apoio da escola na alimentação saudadel,,0,,0.00,
a importancia do apoio da familia na escola,,0,,0.00,
a importancia do apoio da família na escola,,0,,0.00,
a importancia do apoio escolar para crianças espectro autistas,,0,,0.00,
a importancia do apoio familiar na formaçao escolar das crianças,,0,,0.00,
a importancia do apoio odontologico em escolas publicas,,0,,0.00,
a importancia do pessoal de apoio na escola,,0,,0.00,
a importancia do pessoal de apoio nas unidades escolares,,0,,0.00,
a importancia do presbiterianismo na sociedade apoio as escolas,,0,,0.00,
a importancia do quadro de apoio para a escola,,0,,0.00,
a importância do agente de apoio escolar,,0,,0.00,
a importância do profissional de apoio escolar,,0,,0.00,
a importância do trabalho da equipe de apoio na escola,,0,,0.00,
a importãncia do apoio no ambiente escolar scielo,,0,,0.00,
a lbi e os profissional de apoio escolar,,0,,0.00,
a lei e o profissional de apoio na incluisão escolar,,0,,0.00,
a lei e o profissional de apoio na inclusão escolar,,0,,0.00,
a lei para apoio psicológico nas escolas foi aprovada,,0,,0.00,
a madona de cedro apoio escolar,,0,,0.00,
a prefeitura pode apoiar candidato nas eleições de conselho escolar,,0,,0.00,
a prática do bullying nas escolas brasileiras textos de apoio,,0,,0.00,
a regional vai orientar e apoiar a escola,,0,,0.00,
a taxa de apoio cobrada na escola é devida,,0,,0.00,
a v e apoio escolar,,0,,0.00,
a voz da serra profissional de apoio escolar,,0,,0.00,
com apoio da iniciativa publica uma escola conseguiu 576,,0,,0.00,
com apoio da prefeitura a escola agricola,,0,,0.00,
com apoio de um altlas geografico escolar indentifique no mapa,,0,,0.00,
com apoio do livro didatico disponivel na escola,,0,,0.00,
com aulas de apoio de escolar e,,0,,0.00,
com o apoio de um atlas geografico escolar identifique,,0,,0.00,
com o apoio de um atlas geografico escolar identifique yahoo,,0,,0.00,
com o apoio de um atlas geografico escolar livros didáticos,,0,,0.00,
com o apoio de um atlas geográfico escolar,,0,,0.00,
como a escola deve apoiar o proleto dos alunos,,0,,0.00,
como a escola pode apoiar a amamentação,,0,,0.00,
como a escola pode apoiar a amamentação em minas gerais,,0,,0.00,
como a escola pode apoiar os atletas,,0,,0.00,
como a escola pode apoiar os professores na propria formação,,0,,0.00,
como a rede de apoio pode ajudar no reforço escolar,,0,,0.00,
como abrir um espaco de apoio escolar,,0,,0.00,
como abrir uma escola de apoio,,0,,0.00,
como abrir uma sala de apoio escolar,,0,,0.00,
como agradecer o poder legislativo pelo apoio as escolas,,0,,0.00,
como apoiar a inclusao na escola,,0,,0.00,
como apoiar a inclusão nas escolas,,0,,0.00,
como apoiar as ocupações das escolas em belo horiuzonte,,0,,0.00,
como apoio de um atlas geografico escolar identifique,,0,,0.00,
como as escolas particulares apoio estatal,,0,,0.00,
como as escolas particulares têm algum apoio estatal,,0,,0.00,
como calcular quantidade de apoio para escolas,,0,,0.00,
como colocar no relatorio o aluno necessita do apoio familia-escola,,0,,0.00,
como conseguir apoio cultural para escola,,0,,0.00,
como conseguir apoio financeiro para abrir escola para crianças especiais,,0,,0.00,
como conseguir apoio para crianças com autismo na escola municipal,,0,,0.00,
como conseguir apoio para escola comunitaria,,0,,0.00,
como conseguir um profissional de apoio escolar,,0,,0.00,
como coordenar uma escola de apoio social de deficiencia,,0,,0.00,
como criar grupo de apoio na escola,,0,,0.00,
como da apoio na escola com escrita e leitura,,0,,0.00,
como dar apoio escolar ao ensino fundamental,,0,,0.00,
como dar apoio pscicologico nas escolas,,0,,0.00,
como declarar atividade de apoio a educação exceto caixas escolares,,0,,0.00,
como deixar curriculo na escola apoio e convívio na lapa,,0,,0.00,
como deve ser a formaçao do apoio escolar,,0,,0.00,
como envolver equipe de apoio na escola,,0,,0.00,
como era antes das associações de apoio a escola rj,,0,,0.00,
como escolas podem receber apoio para inovaçao,,0,,0.00,
como escoler a cota de apoio das sapatas,,0,,0.00,
como estudar para concurso de apoio escolar,,0,,0.00,
como fazer material de apoio escola inclusiva,,0,,0.00,
como fazer material de apoio escolar de matematica,,0,,0.00,
como fazer um apoio pedagogico na escola,,0,,0.00,
como faço para me esscreve na seduc para apoio escola,,0,,0.00,
como faço para me inscrever na seduc para apoio escolar,,0,,0.00,
como fica o quinquenio para o pessoas de apoio escolar,,0,,0.00,
como funciona a premiação das escolas apoiadas,,0,,0.00,
como funciona o apoio as escolas apoiadas,,0,,0.00,
como funciona o apoio escolar,,0,,0.00,
como funciona o apoio escolar lbi,,0,,0.00,
como funciona o apoio escolar lbi jornada escolar,,0,,0.00,
como funciona o apoio escolar ldi,,0,,0.00,
como funcionam as escolas de apoio plano piloto,,0,,0.00,
como imprimir o plano da escola apoiada,,0,,0.00,
como inscrever minha escola em programa de apoio de empresaa,,0,,0.00,
como inscrever minha escola em programa de apoio privado,,0,,0.00,
como montar um negócio apoio escolar,,0,,0.00,
como montar uma sala de apoio escolar,,0,,0.00,
como o apoio da familia no desenvolvimento escolar,,0,,0.00,
como o apoio de um atlas geografico escolar identifique,,0,,0.00,
como o apoio escolar pode ajudar ensina mais,,0,,0.00,
como os professores podem tem apoio da familia na escola,,0,,0.00,
como pedir apoio ou patrocinio para escola de samba,,0,,0.00,
como podemos apoiar o prcesso de inclusão escolar,,0,,0.00,
como podemos apoiar o processo de inclusão escolar,,0,,0.00,
como posso pedir apoio escolar de parceiras,,0,,0.00,
como posso pedir apoio para escolar,,0,,0.00,
como quando e que uma escola e apoiada,,0,,0.00,
como que faz para trabalhar nas escolas de apoio,,0,,0.00,
como requerer monitor de apoio transporte escolar,,0,,0.00,
como saber o quadro de profissionais de apoio escolar,,0,,0.00,
como se cadastrar no sistema de apoio escolar,,0,,0.00,
como se desenvolve a rede de apoio na escola,,0,,0.00,
como se fala aulas de apoio escolar em ingles,,0,,0.00,
como se inscrever escola no sala de apoio sesc,,0,,0.00,
como sentar em uma carteira escolar com apoio de lado,,0,,0.00,
como seria a prova do concurso de parnamirim apoio escolar,,0,,0.00,
como serr apoio escolar de algume surod,,0,,0.00,
como solicitar apoio financeiro para uma reforma na escola,,0,,0.00,
como solicitar profissional apoio escolar,,0,,0.00,
como solicitar profissional de apoio para escolar,,0,,0.00,
como tirar na internt apostilas de atendente de apoio escolar,,0,,0.00,
como trabalhar com equipe de apoio das escolas,,0,,0.00,
como trabalhar com turma do apoio de escola,,0,,0.00,
como transformar a escola em um espaço de apoio,,0,,0.00,
como usar o celular como material de apoio na escola,,0,,0.00,
como você percebe o trabalho do apoio pedagógico nas escolas,,0,,0.00,
como é a prova pratica agente de apoio escolar,,0,,0.00,
como é que pode apoiar a violência na escola,,0,,0.00,
do sp remoçao quadro apoio escolar,,0,,0.00,
o aluno necessita do apoio familia-escola,,0,,0.00,
o apoio administrativo da escola faz que função,,0,,0.00,
o apoio administrativo na escola,,0,,0.00,
o apoio da familia na educação na escola,,0,,0.00,
o apoio da familia na educação na escola textos reflexivos,,0,,0.00,
o apoio da secretaria de educaçaõ nas escolas,,0,,0.00,
o apoio da superintendência na gestão da escola,,0,,0.00,
o apoio dos gestores da escola nos projetos escolares,,0,,0.00,
o apoio dos pais na escola dos filhos,,0,,0.00,
o apoio dos pais na vida escolar dos filhos adolescentes,,0,,0.00,
o apoio escolar,,0,,0.00,
o apoio escolar ao ajudar o estágiário de letras,,0,,0.00,
o apoio escolar e um apoio escolar especial,,0,,0.00,
o apoio escolar oferecido pelos pais,,0,,0.00,
o apoio psicopedagógico na escola inclusiva,,0,,0.00,
o boa gestao escolar para apoio constantes aos docentes,,0,,0.00,
o curriculo escolar como apoio ao trabalho do docente,,0,,0.00,
o dia nacional do pessoal de apoio educativo das escolas,,0,,0.00,
o direito a profissional de apoio na inclusao escolar,,0,,0.00,
o importante apoio da familia no desenvolvimento escolar,,0,,0.00,
o livro dos pais apoio as escolas,,0,,0.00,
o mec possui alguns programas de apoio a gestão escolar,,0,,0.00,
o metodo da escola metodica se apoiava em,,0,,0.00,
o número de funcionários do apoio na escola,,0,,0.00,
o papel da escola no apoio a utilização das tics,,0,,0.00,
o papel do ambiente em lamarck e darwin apoio escolar,,0,,0.00,
o papel do profissional de apoio monitor na escola,,0,,0.00,
o papel do tesoreio nas assocações de apoio da escola,,0,,0.00,
o papel programa nacional de apoio ao transporte do escolar,,0,,0.00,
o problema apoio membros escola sem partido estadao,,0,,0.00,
o professor de apoio na escola regular,,0,,0.00,
o professor de apoio nas escolas publicas scielo,,0,,0.00,
o professor de apoio perante a inclusão escolar,,0,,0.00,
o profissional de apoio a inclusão escolar o que faz,,0,,0.00,
o profissional de apoio a inclusão escolar tem a função,,0,,0.00,
o profissional de apoio escolar do estudante,,0,,0.00,
o profissional de apoio escolar do estudante com deficiência,,0,,0.00,
o profissional de apoio escolar é a pessoa,,0,,0.00,
o profissional de apoio à inclusão escolar e a ética,,0,,0.00,
o programa escolar de apoio ao transporte do escolar pnate,,0,,0.00,
o programa nacional de apoio ao transporte do escolar,,0,,0.00,
o programa nacional de apoio ao transporte do escolar pnate,,0,,0.00,
o psicólogo atua na rede de apoio escolar,,0,,0.00,
o q faz o apoio de direcao escolar,,0,,0.00,
o q faz o tecnico de apoio escolar,,0,,0.00,
o q faz um auciliar de apoio escolar,,0,,0.00,
o q faz um auxiliar de apoio escolar,,0,,0.00,
o q faz um proficional da area de apoio escolar,,0,,0.00,
o q um agente de apoio escolar estuda pra prova,,0,,0.00,
o q é agente de apoio em creche escolar,,0,,0.00,
o q é tecnico de apoio escolar,,0,,0.00,
o quadro de apoio escolar da secretaria da educação qae,,0,,0.00,
o que 3ede de apoio a escola inclusiva,,0,,0.00,
o que a escola estadual exige para ser professor apoio,,0,,0.00,
o que a escola pode oferecer de apoio ao autista,,0,,0.00,
o que a ldb diz sobre apoio pedagógico reforço escolar,,0,,0.00,
o que agente apoio escola,,0,,0.00,
o que area de apoio na na escola de marinheiros,,0,,0.00,
o que cai no concurso de agente de apoio escolar,,0,,0.00,
o que configura o trabalho de apoio escolar,,0,,0.00,
o que configura o trabalho de apoio escolar yhaoo,,0,,0.00,
o que confugura o trabalho de apoio escolar,,0,,0.00,
o que de profissionais de apoio escolar,,0,,0.00,
o que dizem os teiricos sobre o apoio escolar,,0,,0.00,
o que e agente de apoio na inclusão escolar,,0,,0.00,
o que e apoio escolar,,0,,0.00,
o que e apoio operacional escola integral,,0,,0.00,
o que e apoio opoeracional escola integral,,0,,0.00,
o que e folha de apoio para trabalho escolar,,0,,0.00,
o que e folha de apoio para trabalho escolar impresso,,0,,0.00,
o que e monitor de apoio escolar,,0,,0.00,
o que e o cargo de apoio escolar,,0,,0.00,
o que e o funcionário de apoio escolar,,0,,0.00,
o que e professor de apoio escolar contraturno,,0,,0.00,
o que e proficional de apoio escola,,0,,0.00,
o que e profissionais de apoio escolar,,0,,0.00,
o que e profissional apoio escolar,,0,,0.00,
o que e trabalhar de apoio escolar faz,,0,,0.00,
o que e um agente de apoio a inclusao escolar,,0,,0.00,
o que e um profissional de apoio escolar,,0,,0.00,
o que eh auxiliar de apoio escolar,,0,,0.00,
o que escrever em um cartão de apoio escolar,,0,,0.00,
o que estudar para trabalhar como agente de apoio escolar,,0,,0.00,
o que fa o profissional tecnico apoio escolar,,0,,0.00,
o que faz a escola inclusiva na rede de apoio,,0,,0.00,
o que faz agente de apoio ao desenvolvimento escolar especial,,0,,0.00,
o que faz agente de apoio escola,,0,,0.00,
o que faz apoio de manutoramento escolar,,0,,0.00,
o que faz apoio escolar,,0,,0.00,
o que faz o apoio a secretária escolar,,0,,0.00,
o que faz o apoio administrativo na escola,,0,,0.00,
o que faz o apoio pedagogico na escola,,0,,0.00,
o que faz o auxiliar de apoio ao educando escolar,,0,,0.00,
o que faz o mediador profissional de apoio na escola,,0,,0.00,
o que faz o na escola apoio pedagógico,,0,,0.00,
o que faz o profissional de apoio a inclusão escolar,,0,,0.00,
o que faz o profissional de apoio a secretária escolar,,0,,0.00,
o que faz o profissional em apoio alimentacao escolar,,0,,0.00,
o que faz um agente apoio de inclusão escolar,,0,,0.00,
o que faz um agente de apoio em escola especial,,0,,0.00,
o que faz um agente de apoio escolar especial,,0,,0.00,
o que faz um apoio administrativo escolar,,0,,0.00,
o que faz um apoio administrativo escolar yahoo,,0,,0.00,
o que faz um apoio de administrativo escolar,,0,,0.00,
o que faz um assistente de apoio escolar,,0,,0.00,
o que faz um estagiario de apoio escolar,,0,,0.00,
o que faz um professor de apoio escolar,,0,,0.00,
o que faz um professor de apoio no ambiente escolar,,0,,0.00,
o que fazem a equipe de apoio em uma escola,,0,,0.00,
o que fazer para apoiar a melhoria da escola,,0,,0.00,
o que fazer quando a escola não dá apoio,,0,,0.00,
o que leva os pais a procurarem o apoio escolar,,0,,0.00,
o que necessita uma comissao de apoio jogos escolares,,0,,0.00,
o que o apoio administrativo faz na escola,,0,,0.00,
o que o apoio escolar faz,,0,,0.00,
o que os teóricos falam sobre o apoio escolar,,0,,0.00,
o que precis para abrir uma escola de apoio,,0,,0.00,
o que que um auxiliar de apoio à escola faz,,0,,0.00,
o que sao profissionais de apoio e serviço escolar,,0,,0.00,
o que sao redes de apoio na escol,,0,,0.00,
o que seria apoio escolar,,0,,0.00,
o que significa apoio escolar,,0,,0.00,
o que significa apoio escolar nivel médio dea,,0,,0.00,
o que significa apoio escolar-nivel médio escolar dea,,0,,0.00,
o que significa apoio escolar-nivel médio escolar deado precesso seletivo,,0,,0.00,
o que significa titular do quadro de apoio escolar,,0,,0.00,
o que são as redes de apoio e comunidade escolar,,0,,0.00,
o que são associação de apoio a escola,,0,,0.00,
o que são os programas de apoio de gestão escolar,,0,,0.00,
o que são redes de apoio escolar,,0,,0.00,
o que são redes de apoio pedagogico na escola,,0,,0.00,
o que são vagas apoio administrativo na escola,,0,,0.00,
o que tem na prova de agente de apoio escolar,,0,,0.00,
o que um agente de apoio a educação escolar faz,,0,,0.00,
o que um auxiliar de apoio escolar faz,,0,,0.00,
o que um auxiliar de apoio escolar pprecisa saber,,0,,0.00,
o que um auxiliar de apoio escolar precisa estudar,,0,,0.00,
o que um profissional de apoio faz em uma escola,,0,,0.00,
o que vem a ser apoios requeridos na escola,,0,,0.00,
o que é a profissao apoio escolar,,0,,0.00,
o que é a rede de apoio a escola,,0,,0.00,
o que é agente de apoio administrativo escolar,,0,,0.00,
o que é agente de apoio escolar e cuidador diferenças,,0,,0.00,
o que é apoio administrativo escolar,,0,,0.00,
o que é apoio escolar turma da monica,,0,,0.00,
o que é apoio escolas,,0,,0.00,
o que é apoio na escola de aprendizes,,0,,0.00,
o que é apoio na escola de marinheiros,,0,,0.00,
o que é apoio operacional escola tempo integra,,0,,0.00,
o que é apoio pedagogico na escola,,0,,0.00,
o que é apoio pegagogico na escola,,0,,0.00,
o que é associação de apoio a escola,,0,,0.00,
o que é atb financeiro escolar e qual apoio,,0,,0.00,
o que é auxiliar de desenvolvimento e apoio escolar,,0,,0.00,
o que é cargo do quadro de apoio das escolas,,0,,0.00,
o que é folha de apoio em trabalho escolar,,0,,0.00,
o que é grupo de apoio escolar,,0,,0.00,
o que é monitor de apoio escolar,,0,,0.00,
o que é o apoio pedagógico em uma escola,,0,,0.00,
o que é oficiais administrativos quadro de apoio escolar,,0,,0.00,
o que é profrssor de apoio aee escolas estaduais,,0,,0.00,
o que é programa de apoio a projetos nas escolas,,0,,0.00,
o que é programa estadual de apoio ao transporte escolar,,0,,0.00,
o que é quadro de apoio escolar,,0,,0.00,
o que é rede de apoio escolar,,0,,0.00,
o que é rede de apoio na escola,,0,,0.00,
o que é ser coordenadora de apoio escolar,,0,,0.00,
o que é ser um profissional de apoio escolar,,0,,0.00,
o que é titulares de cargos de apoio das escolas,,0,,0.00,
o que é titulares do quadro de apoio das escolas,,0,,0.00,
o que é um auxiliar de apoio escolar,,0,,0.00,
o que é um professor de apoio escolar,,0,,0.00,
o que é um serviço de apoio escolar,,0,,0.00,
o que é uma escola de apoio,,0,,0.00,
o que é uma tabela de apoio escolar,,0,,0.00,
o que.faz.o.profissional de apoio escolar,,0,,0.00,
o que.profissional.de apoio escolar,,0,,0.00,
o setor de apoio no processo inclusivo escolar,,0,,0.00,
o trabalho do do apoio pedagógico na escola,,0,,0.00,
o trabalho do professor encontra suporte e apoio na escola,,0,,0.00,
o é rede de apoio na escola,,0,,0.00,
o.que faz o apoio escolar,,0,,0.00,
onde apoiar quadro branco escolar,,0,,0.00,
onde emcontra o local de prova da funcerne apoio escola,,0,,0.00,
onde encontro tecnologo apoio escola,,0,,0.00,
onde encontro tecnologo apoio escolar,,0,,0.00,
onde encontro tecnologo apoio escolar rj,,0,,0.00,
onde fazer o curso de apoio escolar em 02 anos,,0,,0.00,
onde fazer o curso tecnologo em apoio escolar,,0,,0.00,
onde pode atuar profissional apoio escolar,,0,,0.00,
onde tem adoçoao domaterial do serviço de apoio escolar,,0,,0.00,
onde tem virso técnico apoio escolar em sp,,0,,0.00,
para colocar uma escola de apoio pedagogico,,0,,0.00,
para nosaa campanha de apoio a educacao nas escolas,,0,,0.00,
para que serve um educador de apoio dentro da escola,,0,,0.00,
para ser professor de apoio escolar o que e necessario,,0,,0.00,
por devemos apoiar as ocupacoes das escolas,,0,,0.00,
por qual profissional é realizado o apoio escolar,,0,,0.00,
por que apoiar a escola sem partido,,0,,0.00,
por que bolsonaro veta lei de apoio psicologico nas escolas,,0,,0.00,
por que escolas municipais devem apoiar projetos de conscientizaç çao,,0,,0.00,
por que escolas municipais devem apoiar projetos de conscientização,,0,,0.00,
por que tem gente apoiando escola sem partido,,0,,0.00,
por quem é realizado o apoio escolar,,0,,0.00,
qual a diferença entre tecnico e apoio administrativo em escola,,0,,0.00,
qual a formação do profissional de apoio escolar lbi,,0,,0.00,
qual a funcao de apoio da escola,,0,,0.00,
qual a funcao de apoio escolar,,0,,0.00,
qual a funcao di apoio da escola,,0,,0.00,
qual a funcao do apoio da escola,,0,,0.00,
qual a funcao do professor apoio na escola,,0,,0.00,
qual a função apoio pedagogico nas escolar,,0,,0.00,
qual a função de um agente de apoio escolar,,0,,0.00,
qual a função de um auxiliar de apoio escolar,,0,,0.00,
qual a função do agente de apoio em uma escola,,0,,0.00,
qual a função do agente de apoio escolar,,0,,0.00,
qual a função do apoio de direção escolar,,0,,0.00,
qual a função do apoio na escola,,0,,0.00,
qual a função do apoio pedagogico na escola,,0,,0.00,
qual a função do professor de apoio na escola inclusica,,0,,0.00,
qual a função do proficional de apoio escola,,0,,0.00,
qual a importancia do agente de apoio escolar,,0,,0.00,
qual a importancia do professor de apoio na instituiçao escolar,,0,,0.00,
qual a importancia do secretário escolar para apoio familiar,,0,,0.00,
qual a perna pode apoiar no chão na auto escola,,0,,0.00,
qual a remunaração cargo apoio escolar em parnamirim+,,0,,0.00,
qual aluno recebe professor de apoio na escola,,0,,0.00,
qual apoio um autista precisa ter em uma escola,,0,,0.00,
qual apoio uma escola pode ter,,0,,0.00,
qual apoio é oferecido ao aluno especial na escola,,0,,0.00,
qual cargo era de apoio escolar,,0,,0.00,
qual cid da direito a professor apoio em escola estadual,,0,,0.00,
qual curso para ser professor de apoio escolas,,0,,0.00,
qual dia de prova apoio escolar 2019,,0,,0.00,
qual escola pública em sete lagoas tem professora de apoio,,0,,0.00,
qual experiencia adquiro sendo um profissional de apoio escolar,,0,,0.00,
qual função o apoio tem na escola,,0,,0.00,
qual indicador para apoiar os monitores de salas na escola,,0,,0.00,
qual o apoio do conselho tutelar nas escolas,,0,,0.00,
qual o apoio que os surdos recebem na escola,,0,,0.00,
qual o cargo de apoio administrativo escolar,,0,,0.00,
qual o melhor para trabalho apoio escolar ou secretariado,,0,,0.00,
qual o o papel do profissional de apoio escolar,,0,,0.00,
qual o objetivo da associação de apoio a escola,,0,,0.00,
qual o papel da apoio da sme na escola publica,,0,,0.00,
qual o papel do apoio pedagogico na escola,,0,,0.00,
qual o papel do apoio pedagógico especifico na escola,,0,,0.00,
qual o papel do apoio pedagógico na escola,,0,,0.00,
qual o papel do educador de apoio na escola inegral,,0,,0.00,
qual o papel do pessoal de apoio escolar,,0,,0.00,
qual o papel do profissional de apoio escolar,,0,,0.00,
qual o papel do profissional de apoio escolar 2019,,0,,0.00,
qual o papel do serviço de apoio escolar,,0,,0.00,
qual o papel dos profissionais de apoio escolar,,0,,0.00,
qual o trabalho do apoio administrativo na escola,,0,,0.00,
qual o trabalho do professor de apoio a inclusão escolar,,0,,0.00,
qual objetivo do professor de apoio ou monitor na escola,,0,,0.00,
qual salario do agente de apoio escolar,,0,,0.00,
qual unidade de apoio a escola posui,,0,,0.00,
qual é a formação de um profissional de apoio escolar,,0,,0.00,
qual é a minha atribuição nas escolas apoio,,0,,0.00,
qual é a papel do apoio pedagógico na escola,,0,,0.00,
qual é diferença de apoio escolar para reforço escolar,,0,,0.00,
qual é o papel do professor de apoio escolar,,0,,0.00,
qual é o salario das escola estadual apoio administrativa,,0,,0.00,
qual.a.importancia.de um apoio escolar,,0,,0.00,
quando a escola deve buscar apoio nas escolas especializadas,,0,,0.00,
quando a escola tem apoio,,0,,0.00,
quando a escola tem apoio politico tudo,,0,,0.00,
quando comemora o dia do pessoal de apoio das escolas,,0,,0.00,
quando comemorado o dia do pessoal de apoio das escolas,,0,,0.00,
quando pode pedir professora de apoio na escola,,0,,0.00,
quando procurar um apoio escolar,,0,,0.00,
quando surge o o profissional de apoio a inclusão escolar,,0,,0.00,
quando surgiu o professor de apoio nas escolas scielo artigo,,0,,0.00,
quando é necessario apoio especializado nas escolas,,0,,0.00,
quanto ganha agente de apoio escolar,,0,,0.00,
quanto ganha um agente de apoio escolar uberlandia,,0,,0.00,
quanto ganha um professor de apoio de escola estadual,,0,,0.00,
quanto ganha um professor de apoio em escola publica,,0,,0.00,
quanto ganha um profissional de apoio escolar em uberlandia mg,,0,,0.00,
quanto ganha um profissional de apoio escolar uberlandia,,0,,0.00,
quanto ganha um tecnólogo apoio escolar,,0,,0.00,
quanto tempo curso de profissional de apoio escolar,,0,,0.00,
que criterios leva uma escola ser apoiada,,0,,0.00,
que dia se comemora o pessoal de apoio escolar,,0,,0.00,
que dificuldades podem ser superadas com o apoio da escola,,0,,0.00,
que faz funcionario de apoio escolar,,0,,0.00,
que formação precisa o profissional de apoio escolar,,0,,0.00,
que mecanismos a escola precisa usar para apoiar a criança,,0,,0.00,
que orientação o professor de apoio pode dar comunidade escolar,,0,,0.00,
que pode ministrar apoio pedagógico escolas,,0,,0.00,
que tipo de apoio pedagogico voce professor espera da escola,,0,,0.00,
que tipos de apoios existem para atletas de escolas publica,,0,,0.00,
quem apoiava a corrente da escola nova,,0,,0.00,
quem apoiava a corrente da escola tradicional,,0,,0.00,
quem apoio a escola sem partido,,0,,0.00,
quem compõe os profissionaisde apoio nas escolas para alunos deficientes,,0,,0.00,
quem dar apoio ao professor no contexto escola,,0,,0.00,
quem deu apoio financeiro a escola de sagres,,0,,0.00,
quem deve dar apoio ao menor com deficiencia na escola,,0,,0.00,
quem deve dar apoio ao menos com deficiencia na escola,,0,,0.00,
quem deve ser o profissional de apoio escolar,,0,,0.00,
quem faz parte da equipe de apoio escola estadual,,0,,0.00,
quem faz parte da rae rede de apoio a escola,,0,,0.00,
quem faz parte do serviço de apoio escolar,,0,,0.00,
quem faz parte do titular de apoio escolar,,0,,0.00,
quem pode apoiar uma escola musical publica,,0,,0.00,
quem pode exercer o apoio escolar,,0,,0.00,
quem pode ministrar apoio pedagógico escolas,,0,,0.00,
quem precisa de professor de apoio na escola regular,,0,,0.00,
quem regula o quadro de apoio escolar,,0,,0.00,
quem sao o pessoal de apoio na escola,,0,,0.00,
quem são o pessoal de apoio em escola,,0,,0.00,
quem são os profissionais de serviço e apoio escolar,,0,,0.00,
quem são os titulares do quadro de apoio escolar,,0,,0.00,
quem são profissionais de apoio escolar,,0,,0.00,
quem sãoo quadro de apoio escolar,,0,,0.00,
quem tem direito ao professor de apoio na escola normal,,0,,0.00,
quem tem direito ao profissional de apoio escolar,,0,,0.00,
quem é o apoio escolar,,0,,0.00,
quem é o apoio pedagógico da escola,,0,,0.00,
quem é o profissional de apoio escolar,,0,,0.00,
quem é o profissional de apoio nas escolas,,0,,0.00,
quem é pessol de apoio na escola,,0,,0.00,
